{
  "hardware": "Tesla T4",
  "h1": {
    "dense_ms": 0.4973885599974892,
    "sparse_ms": 2.619314219991793,
    "savings_percent": -426.61328197918647
  },
  "h3": {
    "final_loss_geom": 0.8339748382568359,
    "final_loss_rand": 0.8680030703544617,
    "geom_edge_step_20": 0.2721481356462293
  },
  "h4": {
    "h4_verified": true
  },
  "h9": {
    "layer_slopes": [
      0.3899323344230652,
      1.4663195610046387,
      3.22298526763916,
      1.6742734909057617
    ],
    "hierarchy_holds": false
  },
  "h12": {
    "mse_alibi": 1864.236328125,
    "mse_rope": 0.0019461229676380754,
    "noise_ratio": 1.043925031541164e-06
  },
  "total_elapsed_s": 2.853335181998773
}