{
  "corpus": "Salesforce/wikitext:wikitext-2-raw-v1",
  "cfg": {
    "model": "bigscience/bloom-560m",
    "ctx": 512,
    "batch": 4,
    "steps": 2000,
    "lr": 0.005,
    "gamma_l2": 0.001,
    "eval_every": 200,
    "patience": 4,
    "max_tokens": 4000000,
    "lora": false
  },
  "runs": [
    {
      "mode": "frozen_fixed",
      "extrap": {
        "1x": 27.818,
        "2x": 25.6459,
        "4x": 24.869,
        "8x": null
      },
      "best_val": null,
      "usable_ctx_mult": 4,
      "passkey_results": {
        "1x": 1,
        "2x": 1,
        "4x": 1,
        "8x": 0
      },
      "energy_metrics": {
        "kwh": 0.0,
        "co2e_grams": 0.0,
        "avg_power_watts": 0.0,
        "duration_hours": 0.0
      },
      "init_slopes": [
        0.70711,
        0.5,
        0.35355,
        0.25,
        0.17678,
        0.125,
        0.08839,
        0.0625,
        0.04419,
        0.03125,
        0.0221,
        0.01562,
        0.01105,
        0.00781,
        0.00552,
        0.00391
      ],
      "final_slopes": [
        0.70711,
        0.5,
        0.35355,
        0.25,
        0.17678,
        0.125,
        0.08839,
        0.0625,
        0.04419,
        0.03125,
        0.0221,
        0.01562,
        0.01105,
        0.00781,
        0.00552,
        0.00391
      ]
    },
    {
      "mode": "learnable_slopes",
      "extrap": {
        "1x": 27.961,
        "2x": 26.0816,
        "4x": 26.622,
        "8x": null
      },
      "best_val": 27.960996218829848,
      "usable_ctx_mult": 4,
      "passkey_results": {
        "1x": 1,
        "2x": 1,
        "4x": 0,
        "8x": 0
      },
      "energy_metrics": {
        "kwh": 8.462305944444646,
        "co2e_grams": 3257.9877886111885,
        "avg_power_watts": 67.55582969287221,
        "duration_hours": 0.1252638888888889,
        "samples": 9019
      },
      "init_slopes": [
        0.70711,
        0.5,
        0.35355,
        0.25,
        0.17678,
        0.125,
        0.08839,
        0.0625,
        0.04419,
        0.03125,
        0.0221,
        0.01562,
        0.01105,
        0.00781,
        0.00552,
        0.00391
      ],
      "final_slopes": [
        0.63472,
        0.41571,
        0.3276,
        0.24211,
        0.16726,
        0.13543,
        0.07508,
        0.06422,
        0.04705,
        0.04806,
        0.03061,
        0.01998,
        0.01063,
        0.01547,
        0.00863,
        0.00384
      ]
    }
  ]
}