{
  "corpus": "Salesforce/wikitext:wikitext-2-raw-v1",
  "cfg": {
    "model": "bigscience/bloom-560m",
    "ctx": 512,
    "batch": 4,
    "steps": 2000,
    "lr": 0.005,
    "gamma_l2": 0.001,
    "eval_every": 200,
    "patience": 4,
    "max_tokens": 4000000,
    "lora": true
  },
  "runs": [
    {
      "mode": "frozen_fixed",
      "extrap": {
        "1x": 27.818,
        "2x": 25.6459,
        "4x": 24.869,
        "8x": null
      },
      "best_val": null,
      "usable_ctx_mult": 4,
      "passkey_results": {
        "1x": 1,
        "2x": 1,
        "4x": 1,
        "8x": 0
      },
      "energy_metrics": {
        "kwh": 0.0,
        "co2e_grams": 0.0,
        "avg_power_watts": 0.0,
        "duration_hours": 0.0
      },
      "init_slopes": [
        0.70711,
        0.5,
        0.35355,
        0.25,
        0.17678,
        0.125,
        0.08839,
        0.0625,
        0.04419,
        0.03125,
        0.0221,
        0.01562,
        0.01105,
        0.00781,
        0.00552,
        0.00391
      ],
      "final_slopes": [
        0.70711,
        0.5,
        0.35355,
        0.25,
        0.17678,
        0.125,
        0.08839,
        0.0625,
        0.04419,
        0.03125,
        0.0221,
        0.01562,
        0.01105,
        0.00781,
        0.00552,
        0.00391
      ]
    },
    {
      "mode": "learnable_slopes",
      "extrap": {
        "1x": 35.7452,
        "2x": 35.3115,
        "4x": 40.3763,
        "8x": null
      },
      "best_val": 34.20003141036969,
      "usable_ctx_mult": 2,
      "passkey_results": {
        "1x": 0,
        "2x": 0,
        "4x": 0,
        "8x": 0
      },
      "energy_metrics": {
        "kwh": 15.536737902778459,
        "co2e_grams": 5981.644092569707,
        "avg_power_watts": 67.50211978035536,
        "duration_hours": 0.23016666666666669,
        "samples": 16572
      },
      "init_slopes": [
        0.70711,
        0.5,
        0.35355,
        0.25,
        0.17678,
        0.125,
        0.08839,
        0.0625,
        0.04419,
        0.03125,
        0.0221,
        0.01562,
        0.01105,
        0.00781,
        0.00552,
        0.00391
      ],
      "final_slopes": [
        0.87998,
        0.61964,
        0.38978,
        0.27662,
        0.19221,
        0.13917,
        0.08799,
        0.05648,
        0.03921,
        0.02918,
        0.02057,
        0.01511,
        0.00943,
        0.00698,
        0.00519,
        0.00234
      ]
    }
  ]
}