{
  "x0": 0.9717470744365163,
  "growth_constant": 1252.7752057399566,
  "congruences": {
    "mod_p_2": [],
    "mod_p_3": []
  }
}